"关键字","印象数","点击次数","点击率","平均排名"
"折线图配色","2195","74","3.37%","6.082005102505696"
"kabsch算法","337","15","4.45%","6.646883976261129"
"弥散圆","242","12","4.96%","5.690083057851241"
"等高线图配色","122","23","18.85%","4.786884426229508"
"kabsch","107","4","3.74%","6.261677570093458"
"molviewer","85","0","0%","8.341181176470588"
"晶体场分裂能","72","5","6.94%","7.263890277777778"
"柱状图配色","70","1","1.43%","9.9"
"折线图配色方案","53","8","15.09%","5.79246037735849"
"张建国京剧演唱会","46","13","28.26%","7.826084782608696"
"失空斩","42","0","0%","8.23807857142857"
"晶体场分裂能计算","38","14","36.84%","6.157897368421053"
