"页面","印象数","点击次数","点击率","平均排名"
"https://ycythu.github.io/2024/02/16/Color-Scheme.html","6767","222","3.28%","6.891236648440963"
"https://ycythu.github.io/2024/01/28/Wavelength-to-Color.html","2635","208","7.89%","6.494877077798862"
"https://ycythu.github.io/chemistry-collections/Crystal-Field-Splitting-Diagram.html","2237","151","6.75%","6.171209879302636"
"https://ycythu.github.io/2025/07/27/circle-of-confusion.html","1261","73","5.79%","5.768434496431404"
"https://ycythu.github.io/2023/07/03/Intermolecular-Interactions.html","1152","18","1.56%","7.780383593749999"
"https://ycythu.github.io/2023/03/27/Kabsch-Algorithm.html","990","37","3.74%","6.532322929292929"
"https://ycythu.github.io/2024/06/15/Fluorescence-Lifetimes.html","674","40","5.93%","6.88872581602374"
"https://ycythu.github.io/2023/08/27/H%C3%BCckel-Method.html","496","42","8.47%","5.764113306451613"
"https://ycythu.github.io/2024/01/19/AutoOrca.html","344","36","10.47%","6.555235174418606"
